hopcount;cpuusage;cputotal;numservices
5;0.0;4480000;0
4;0.0;2800;0
3;0.0;2800;0
2;800.0;2800;1
1;2799.9999999999995;2800;17
1;2799.9999999999995;2800;17
2;800.0;2800;1
1;2799.9999999999995;2800;17
1;2799.9999999999995;2800;17
3;0.0;2800;0
2;800.0;2800;1
1;2799.9999999999995;2800;17
1;2799.9999999999995;2800;17
2;800.0;2800;1
1;2799.9999999999995;2800;17
1;2799.9999999999995;2800;17
